{
	"class_name" : "PinholeCameraParameters",
	"extrinsic" : 
	[
		-0.63930340399773367,
		0.42101732487162141,
		-0.64345595792940968,
		0.0,
		-0.070808313405690049,
		0.80100567060077632,
		0.59445445445218281,
		0.0,
		0.76568749525478885,
		0.42559878738472035,
		-0.48227412514782858,
		0.0,
		-9.3894124865676574,
		1.6489867546545227,
		121.84220204582424,
		1.0
	],
	"intrinsic" : 
	{
		"height" : 1061,
		"intrinsic_matrix" : 
		[
			918.85295341528945,
			0.0,
			0.0,
			0.0,
			918.85295341528945,
			0.0,
			959.5,
			530.0,
			1.0
		],
		"width" : 1920
	},
	"version_major" : 1,
	"version_minor" : 0
}